id,nombre_completo,mision04
00554053,"Alatorre Quintero, Naomi",2
00514083,"Altamirano Reniery, Yael",3
00543797,"Ameneyro Villarino, Lizeth",5
00565749,"Arciniega Perez, Sadot",3
00545225,"Carmona Herrera, Ximena",1
00556039,"Casarrubias Salazar, Areli",3
00562302,"Castañón Buendia, Elide",5
00543018,"Celaya Carlos, Camila",1
00553159,"Cruz Montes, Erick",2
00548339,"de Lira Campos, Diego Esteban",5
00546467,"del Real González, Paulina",4
00551276,"Enríquez Moreno, Fabiana",1
00540793,"Fonseca Jimenez, Natalia",6
00561357,"García Castro, Ana Paula",6
00547540,"García Guadarrama, Nicolás",5
00546041,"González Razzón, Karla Melissa",4
00569611,"González Vargas, Fernanda",2
00550849,"Mena Fierro, Daniela",2
00552285,"Mendizabal Camacho, Bruno",1
00556007,"Meza Hoy, Frida Gizet",6
00547481,"Montemayor Nemer, Isabella",4
00543215,"Ochoa Lomeli, Lucía",4
00550134,"Pérez García, Mónica",6
00564882,"Pozos Andrade, Melisa",5
00571493,"Reyes Ruiz, Sergio Daniel",1
00574962,"Robles Cruz, Perla Camila",3
00552586,"Sánchez Guzmán, Isabella",4
00494080,"Sánchez Torices, David Iván",3
00546567,"Simroth García, Federico",4
00554064,"Torres Delgado, Karol Guadalupe",2
00541560,"Trejo Lujan, Angel Alejandro",5
00546251,"Valdés Arámbula, Sofia Octivela",2
00557302,"Vega Mena, Salma Lucia",6
